{"stat.chestOpened":18,"stat.pickup.minecraft.bone":7,"stat.recordPlayed":1,"stat.leaveGame":1,"stat.pickup.minecraft.arrow":3,"stat.craftItem.minecraft.cooked_porkchop":32,"stat.pickup.minecraft.stone_pickaxe":1,"stat.drop.minecraft.cooked_porkchop":1,"stat.jump":1055,"stat.swimOneCm":6150,"stat.pickup.minecraft.cooked_chicken":1,"stat.pickup.minecraft.iron_helmet":1,"stat.fallOneCm":15366,"stat.pickup.minecraft.iron_ingot":6,"stat.drop.minecraft.feather":2,"stat.drop.minecraft.stone_sword":1,"stat.useItem.minecraft.stone_axe":23,"stat.pickup.minecraft.porkchop":50,"stat.crouchOneCm":1055,"stat.craftItem.minecraft.chest":2,"stat.pickup.minecraft.dirt":101,"stat.useItem.minecraft.dirt":40,"stat.useItem.minecraft.stone_slab2":20,"stat.pickup.minecraft.bow":1,"stat.pickup.minecraft.iron_boots":1,"stat.useItem.minecraft.water_bucket":79,"stat.craftingTableInteraction":14,"stat.pickup.minecraft.rotten_flesh":8,"stat.craftItem.minecraft.stone_axe":1,"stat.mineBlock.minecraft.leaves2":12,"stat.pickup.minecraft.feather":9,"stat.damageTaken":334,"stat.mineBlock.minecraft.red_flower":39,"stat.mineBlock.biomesoplenty.double_plant":3,"stat.pickup.minecraft.cobblestone":48,"stat.noteblockTuned":1,"stat.mineBlock.biomesoplenty.plant_0":1102,"stat.pickup.minecraft.dye":12,"stat.pickup.minecraft.iron_leggings":1,"stat.craftItem.minecraft.stone_sword":2,"stat.flyOneCm":177404,"stat.craftItem.minecraft.iron_shovel":1,"stat.pickup.minecraft.wheat_seeds":252,"stat.pickup.minecraft.potato":23,"stat.drop.minecraft.wheat_seeds":8,"stat.useItem.minecraft.stone_pickaxe":14,"stat.useItem.minecraft.stone_sword":245,"stat.damageDealt":3254,"stat.sleepInBed":10,"stat.timeSinceDeath":80872,"stat.useItem.biomesoplenty.berries":29,"stat.mineBlock.minecraft.dirt":101,"stat.killEntity.Pig":24,"stat.pickup.minecraft.mutton":9,"stat.pickup.minecraft.poisonous_potato":1,"stat.craftItem.minecraft.iron_sword":1,"stat.useItem.minecraft.iron_shovel":99,"stat.drop.minecraft.stick":1,"stat.pickup.minecraft.record_13":1,"stat.pickup.minecraft.double_plant":1,"stat.walkOneCm":329852,"stat.craftItem.minecraft.bed":1,"stat.animalsBred":1,"stat.pickup.minecraft.stick":8,"stat.useItem.minecraft.potato":9,"stat.pickup.minecraft.crafting_table":2,"stat.craftItem.minecraft.crafting_table":1,"stat.furnaceInteraction":17,"stat.mineBlock.minecraft.double_plant":21,"stat.useItem.minecraft.cooked_porkchop":9,"stat.talkedToVillager":24,"stat.craftItem.minecraft.stone_hoe":3,"stat.noteblockPlayed":2,"stat.pickup.minecraft.log":46,"stat.pickup.minecraft.chicken":6,"stat.pickup.minecraft.sapling":1,"stat.sprintOneCm":426492,"stat.pickup.biomesoplenty.flower_0":79,"stat.pickup.minecraft.iron_chestplate":1,"stat.mineBlock.biomesoplenty.flower_0":45,"stat.craftItem.minecraft.stick":12,"stat.killEntity.Skeleton":1,"stat.pickup.minecraft.beetroot":5,"stat.craftItem.minecraft.bucket":1,"stat.craftItem.minecraft.planks":28,"stat.useItem.minecraft.iron_sword":17,"stat.killEntity.Chicken":6,"stat.useItem.minecraft.wheat_seeds":219,"stat.mineBlock.biomesoplenty.mushroom":1,"stat.pickup.biomesoplenty.berries":31,"stat.pickup.minecraft.stone_sword":2,"stat.mobKills":38,"stat.mineBlock.minecraft.log":31,"stat.useItem.minecraft.dye":11,"stat.useItem.minecraft.stone_hoe":222,"stat.drop":13,"stat.mineBlock.minecraft.leaves":3,"stat.pickup.minecraft.beetroot_seeds":9,"stat.playOneMinute":80872,"stat.pickup.minecraft.torch":1,"stat.killEntity.Sheep":5,"stat.pickup.minecraft.red_flower":41,"stat.useItem.minecraft.beetroot_seeds":3,"stat.sneakTime":241,"stat.pickup.minecraft.wool":5,"stat.craftItem.minecraft.dye":14,"stat.mineBlock.minecraft.stone":14,"stat.mineBlock.minecraft.tallgrass":242,"stat.diveOneCm":1313,"stat.pickup.minecraft.wheat":46}