{"stat.chestOpened":28,"stat.pickup.minecraft.bone":1,"stat.recordPlayed":4,"stat.horseOneCm":19445,"stat.useItem.minecraft.stone":4,"stat.leaveGame":2,"stat.pickup.minecraft.arrow":2,"stat.mineBlock.minecraft.cobblestone":1,"stat.craftItem.minecraft.cooked_porkchop":23,"stat.pickup.minecraft.stone_axe":1,"stat.entityKilledBy.Witch":2,"stat.craftItem.minecraft.coal":11,"stat.jump":1437,"stat.swimOneCm":3187,"stat.pickup.minecraft.coal":224,"stat.fallOneCm":26830,"stat.climbOneCm":1908,"stat.pickup.minecraft.glowstone_dust":4,"stat.useItem.minecraft.stone_axe":50,"stat.pickup.minecraft.porkchop":5,"stat.pickup.minecraft.gunpowder":2,"stat.crouchOneCm":84,"stat.pickup.minecraft.glass":10,"stat.craftItem.minecraft.iron_ingot":59,"stat.craftItem.minecraft.torch":52,"stat.pickup.minecraft.dirt":5,"stat.craftItem.minecraft.iron_helmet":2,"stat.drop.biomesoplenty.berries":2,"stat.useItem.minecraft.stone_slab2":21,"stat.useItem.minecraft.cooked_chicken":1,"stat.craftingTableInteraction":29,"stat.pickup.minecraft.iron_ore":58,"stat.pickup.minecraft.rotten_flesh":5,"stat.pickup.minecraft.sand":16,"stat.craftItem.minecraft.furnace":1,"stat.craftItem.minecraft.stone_axe":1,"stat.craftItem.minecraft.iron_boots":2,"stat.pickup.minecraft.wooden_pickaxe":2,"stat.mineBlock.minecraft.log2":49,"stat.damageTaken":1070,"stat.pickup.minecraft.feather":6,"stat.craftItem.minecraft.stone_pickaxe":1,"stat.mineBlock.minecraft.furnace":3,"stat.mineBlock.minecraft.torch":5,"stat.mineBlock.minecraft.red_flower":1,"stat.useItem.minecraft.wooden_pickaxe":65,"stat.pickup.minecraft.cobblestone":41,"stat.mineBlock.biomesoplenty.double_plant":2,"stat.mineBlock.biomesoplenty.plant_0":31,"stat.pickup.minecraft.log2":49,"stat.pickup.minecraft.dye":2,"stat.pickup.minecraft.planks":4,"stat.pickup.minecraft.reeds":6,"stat.flyOneCm":232275,"stat.pickup.minecraft.bed":3,"stat.pickup.biomesoplenty.mushroom":1,"stat.pickup.minecraft.wheat_seeds":18,"stat.killEntity.Witch":3,"stat.drop.minecraft.wheat_seeds":1,"stat.useItem.minecraft.stone_sword":117,"stat.craftItem.minecraft.iron_leggings":2,"stat.damageDealt":4105,"stat.craftItem.minecraft.glass":5,"stat.mineBlock.minecraft.iron_ore":58,"stat.sleepInBed":5,"stat.timeSinceDeath":63294,"stat.useItem.biomesoplenty.berries":21,"stat.mineBlock.minecraft.dirt":3,"stat.useItem.minecraft.iron_pickaxe":251,"stat.craftItem.minecraft.wooden_pickaxe":1,"stat.killEntity.Pig":2,"stat.pickup.minecraft.mutton":9,"stat.craftItem.minecraft.iron_sword":1,"stat.pickup.minecraft.record_13":3,"stat.walkOneCm":205735,"stat.craftItem.minecraft.bed":3,"stat.drop.minecraft.coal":7,"stat.useItem.minecraft.bread":2,"stat.useItem.minecraft.torch":31,"stat.pickup.minecraft.stick":12,"stat.pickup.minecraft.crafting_table":3,"stat.craftItem.minecraft.crafting_table":1,"stat.furnaceInteraction":118,"stat.useItem.minecraft.cooked_porkchop":5,"stat.killEntity.ZombieVillager":1,"stat.mineBlock.minecraft.coal_ore":202,"stat.killEntity.Creeper":1,"stat.pickup.minecraft.log":7,"stat.pickup.minecraft.string":10,"stat.pickup.minecraft.furnace":5,"stat.useItem.minecraft.cooked_mutton":3,"stat.drop.minecraft.iron_chestplate":1,"stat.craftItem.minecraft.stone_slab2":0,"stat.pickup.minecraft.stone":12,"stat.craftItem.minecraft.iron_chestplate":2,"stat.pickup.minecraft.chicken":6,"stat.sprintOneCm":235639,"stat.pickup.biomesoplenty.flower_0":13,"stat.craftItem.minecraft.stick":52,"stat.killEntity.Skeleton":1,"stat.pickup.minecraft.record_mellohi":4,"stat.craftItem.minecraft.planks":38,"stat.killEntity.Chicken":2,"stat.mineBlock.biomesoplenty.mushroom":1,"stat.mineBlock.minecraft.crafting_table":1,"stat.pickup.biomesoplenty.berries":23,"stat.pickup.minecraft.stone_sword":3,"stat.pickup.minecraft.pumpkin_seeds":6,"stat.mobKills":14,"stat.mineBlock.minecraft.log":1,"stat.craftItem.minecraft.cooked_chicken":8,"stat.deaths":2,"stat.drop":12,"stat.pickup.minecraft.iron_horse_armor":1,"stat.mineBlock.minecraft.leaves":2,"stat.playOneMinute":78478,"stat.pickup.minecraft.torch":4,"stat.killEntity.Sheep":2,"stat.pickup.minecraft.red_flower":31,"stat.sneakTime":72,"stat.craftItem.minecraft.iron_pickaxe":1,"stat.pickup.minecraft.wool":3,"stat.craftItem.minecraft.coal_block":20,"stat.drop.minecraft.stone_axe":1,"stat.killEntity.Zombie":2,"stat.craftItem.minecraft.dye":2,"stat.mineBlock.minecraft.stone":45,"stat.mineBlock.minecraft.tallgrass":5,"stat.craftItem.minecraft.cooked_mutton":9,"stat.diveOneCm":915,"stat.pickup.minecraft.wheat":2,"stat.pickup.minecraft.chest":2,"stat.pickup.minecraft.cooked_mutton":3}