{"stat.flyOneCm":13199,"stat.deaths":6,"stat.walkOneCm":13702,"stat.jump":91,"stat.mineBlock.minecraft.leaves":1,"stat.playOneMinute":4978,"stat.fallOneCm":1874,"stat.entityKilledBy.Wolf":1,"stat.leaveGame":1,"stat.sneakTime":42,"stat.damageTaken":1430,"stat.damageDealt":40,"stat.crouchOneCm":230,"stat.timeSinceDeath":18,"stat.pickup.minecraft.sapling":1,"stat.sprintOneCm":32227,"stat.mobKills":1,"stat.mineBlock.minecraft.dirt":11,"stat.useItem.minecraft.stone_slab2":1,"stat.mineBlock.minecraft.tallgrass":1}