{"stat.walkOneCm":58265,"stat.pickup.minecraft.bone":4,"stat.pickup.minecraft.wooden_axe":1,"stat.leaveGame":3,"stat.pickup.minecraft.arrow":2,"stat.pickup.minecraft.crafting_table":3,"stat.pickup.minecraft.stone_pickaxe":1,"stat.craftItem.minecraft.crafting_table":1,"stat.mineBlock.minecraft.yellow_flower":1,"stat.mineBlock.minecraft.double_plant":2,"stat.mineBlock.minecraft.coal_ore":20,"stat.craftItem.minecraft.wool":1,"stat.pickup.minecraft.log":38,"stat.pickup.minecraft.string":6,"stat.jump":302,"stat.pickup.minecraft.coal":20,"stat.fallOneCm":5740,"stat.crouchOneCm":915,"stat.pickup.minecraft.chicken":3,"stat.pickup.minecraft.spider_eye":2,"stat.pickup.minecraft.sapling":4,"stat.sprintOneCm":100303,"stat.useItem.minecraft.stone_slab2":4,"stat.craftItem.minecraft.stick":8,"stat.craftItem.minecraft.wooden_axe":1,"stat.craftingTableInteraction":5,"stat.pickup.minecraft.rotten_flesh":2,"stat.useItem.minecraft.sapling":2,"stat.craftItem.minecraft.planks":44,"stat.entityKilledBy.Wolf":1,"stat.killEntity.Chicken":4,"stat.drop.minecraft.crafting_table":1,"stat.pickup.minecraft.wooden_pickaxe":1,"stat.damageTaken":1710,"stat.mineBlock.minecraft.crafting_table":1,"stat.killEntity.Spider":2,"stat.pickup.minecraft.feather":6,"stat.craftItem.minecraft.stone_pickaxe":1,"stat.useItem.minecraft.wooden_pickaxe":8,"stat.mobKills":9,"stat.pickup.minecraft.cobblestone":8,"stat.mineBlock.minecraft.log":24,"stat.pickup.minecraft.dye":2,"stat.craftItem.minecraft.stone_sword":1,"stat.flyOneCm":46328,"stat.deaths":7,"stat.drop":1,"stat.mineBlock.minecraft.leaves":7,"stat.pickup.minecraft.egg":1,"stat.playOneMinute":27381,"stat.useItem.minecraft.stone_pickaxe":20,"stat.sneakTime":268,"stat.useItem.minecraft.stone_sword":25,"stat.damageDealt":722,"stat.killEntity.Zombie":1,"stat.timeSinceDeath":10979,"stat.craftItem.minecraft.dye":1,"stat.useItem.minecraft.wooden_axe":23,"stat.pickup.minecraft.yellow_flower":1,"stat.mineBlock.minecraft.dirt":11,"stat.craftItem.minecraft.wooden_pickaxe":1,"stat.mineBlock.minecraft.stone":8,"stat.mineBlock.minecraft.tallgrass":4}